箱内序号,文件名,大小,类型
0,abura.bmp,961078,BMP 1200x800
1,area.bmp,481078,BMP 800x600
2,atack.bmp,85078,BMP 300x280
3,bag.bmp,31078,BMP 300x100
4,birth.bmp,1709110,BMP 1110x1536
5,bomasi.bmp,681478,BMP 900x756
6,bress.bmp,371078,BMP 740x500
7,continue.bmp,481078,BMP 800x600
8,demono.hsp,749566,HSP 源码
9,dice.bmp,664630,BMP 1295x512
10,dougirea.bmp,1139766,BMP 1110x1024
11,dougireb.bmp,1139766,BMP 1110x1024
12,ehyper.bmp,1424438,BMP 1110x1280
13,emiddle.bmp,689398,BMP 954x720
14,end.bmp,481078,BMP 800x600
15,envya.bmp,173878,BMP 318x540
16,envyisi.bmp,173878,BMP 318x540
17,esmalla.bmp,659518,BMP 708x930
18,essmalla.bmp,39478,BMP 240x160
19,essmallb.bmp,39478,BMP 240x160
20,facea.bmp,1588678,BMP 1260x1260
21,filtera.bmp,481078,BMP 800x600
22,filterb.bmp,481078,BMP 800x600
23,filterc.bmp,481078,BMP 800x600
24,filterd.bmp,481078,BMP 800x600
25,freez.bmp,285750,BMP 1110x256
26,furubokkoa.bmp,2431078,BMP 1800x1350
27,greed.bmp,161078,BMP 800x200
28,grutony.bmp,161078,BMP 400x400
29,grutony2.bmp,481078,BMP 800x600
30,hahen.bmp,223478,BMP 1110x200
31,holl1a.bmp,481078,BMP 800x600
32,holl2a.bmp,481078,BMP 800x600
33,icon7.bmp,2102,BMP 32x32
34,icon7.ico,2238,图标
35,items.bmp,3382,BMP 48x48
36,itemset.bmp,321078,BMP 800x400
37,jigai.bmp,1424438,BMP 1110x1280
38,kagebito.bmp,1139766,BMP 1110x1024
39,kaikyaku.bmp,1139766,BMP 1110x1024
40,katana.bmp,701078,BMP 1000x700
41,katanaatk.bmp,1441078,BMP 1200x1200
42,kubinasi.bmp,285750,BMP 1110x256
43,kubinasico.bmp,285750,BMP 1110x256
44,kuiset.bmp,570422,BMP 1110x512
45,kuware.bmp,855094,BMP 1110x768
46,kuware2.bmp,132766,BMP 708x186
47,last.bmp,661078,BMP 1100x600
48,lastback.bmp,1801078,BMP 1200x1500
49,leas.bmp,73078,BMP 240x300
50,leaseffect.bmp,914998,BMP 950x960
51,leaseffect2.bmp,301078,BMP 200x1500
52,leaslast.bmp,145078,BMP 480x300
53,lust2.bmp,451078,BMP 900x500
54,lustdell.bmp,1139766,BMP 1110x1024
55,mahoujin.bmp,481078,BMP 800x600
56,makituki.bmp,570422,BMP 1110x512
57,mama.bmp,1659958,BMP 1295x1280
58,maptatuco.bmp,1709110,BMP 1110x1536
59,maptatuset.bmp,1709110,BMP 1110x1536
60,meswindow.bmp,102598,BMP 563x180
61,minti.bmp,20278,BMP 30x600
62,minti2.bmp,29278,BMP 185x150
63,mintituta.bmp,333878,BMP 830x400
64,mix.bmp,820278,BMP 1280x640
65,mokuba.bmp,301078,BMP 1000x300
66,mokubab.bmp,190518,BMP 740x256
67,naname.bmp,758838,BMP 740x1024
68,nureseta.bmp,1139766,BMP 1110x1024
69,nuresetb.bmp,1139766,BMP 1110x1024
70,ono.bmp,645078,BMP 920x700
71,onoatk.bmp,1441078,BMP 1200x1200
72,open.bmp,569398,BMP 740x768
73,packfile_list.txt,3995,打包清单
74,partsa.bmp,226078,BMP 300x750
75,pass10a.bmp,721078,BMP 1200x600
76,pass10b.bmp,721078,BMP 1200x600
77,pass11a.bmp,721078,BMP 1200x600
78,pass11b.bmp,721078,BMP 1200x600
79,pass12a.bmp,721078,BMP 1200x600
80,pass12b.bmp,721078,BMP 1200x600
81,pass13a.bmp,721078,BMP 1200x600
82,pass13b.bmp,721078,BMP 1200x600
83,pass14a.bmp,721078,BMP 1200x600
84,pass14b.bmp,721078,BMP 1200x600
85,pass15a.bmp,721078,BMP 1200x600
86,pass16a.bmp,721078,BMP 1200x600
87,pass17a.bmp,721078,BMP 1200x600
88,pass17b.bmp,721078,BMP 1200x600
89,pass18a.bmp,721078,BMP 1200x600
90,pass19a.bmp,1201078,BMP 2000x600
91,pass19dead.bmp,1201078,BMP 2000x600
92,pass1a.bmp,721078,BMP 1200x600
93,pass20a.bmp,721078,BMP 1200x600
94,pass20b.bmp,701878,BMP 1168x600
95,pass21a.bmp,961078,BMP 1600x600
96,pass21b.bmp,961078,BMP 1600x600
97,pass21c.bmp,961078,BMP 1600x600
98,pass22a.bmp,961078,BMP 1600x600
99,pass22b.bmp,961078,BMP 1600x600
100,pass22c.bmp,961078,BMP 1600x600
101,pass23a.bmp,961078,BMP 1600x600
102,pass23b.bmp,961078,BMP 1600x600
103,pass24a.bmp,721078,BMP 1200x600
104,pass24b.bmp,721078,BMP 1200x600
105,pass25a.bmp,721078,BMP 1200x600
106,pass26a.bmp,721078,BMP 1200x600
107,pass27a.bmp,721078,BMP 1200x600
108,pass28a.bmp,721078,BMP 1200x600
109,pass29a.bmp,1201078,BMP 2000x600
110,pass2a.bmp,721078,BMP 1200x600
111,pass3.bmp,1201078,BMP 2000x600
112,pass30a.bmp,1201078,BMP 2000x600
113,pass31a.bmp,721078,BMP 1200x600
114,pass4a.bmp,721078,BMP 1200x600
115,pass4b.bmp,721078,BMP 1200x600
116,pass5a.bmp,721078,BMP 1200x600
117,pass5b.bmp,721078,BMP 1200x600
118,pass64a.bmp,721078,BMP 1200x600
119,pass65a.bmp,721078,BMP 1200x600
120,pass6a.bmp,721078,BMP 1200x600
121,pass6b.bmp,721078,BMP 1200x600
122,pass7a.bmp,721078,BMP 1200x600
123,pass7b.bmp,721078,BMP 1200x600
124,pass8a.bmp,721078,BMP 1200x600
125,pass8b.bmp,721078,BMP 1200x600
126,pass9a.bmp,721078,BMP 1200x600
127,passlast.bmp,1801078,BMP 3000x600
128,passminti.bmp,721078,BMP 1200x600
129,passmintib.bmp,721078,BMP 1200x600
130,pause.bmp,481078,BMP 800x600
131,pride2set.bmp,1081078,BMP 1200x900
132,pride3set.bmp,1081078,BMP 1200x900
133,pridechange.bmp,807478,BMP 1150x700
134,prideeffe.bmp,301078,BMP 600x500
135,prideset.bmp,1210678,BMP 1150x1050
136,pridesyoku.bmp,1139766,BMP 1110x1024
137,redroom.bmp,481078,BMP 800x600
138,reip2.bmp,361078,BMP 1000x360
139,room10a.bmp,481078,BMP 800x600
140,room10b.bmp,481078,BMP 800x600
141,room11a.bmp,481078,BMP 800x600
142,room11b.bmp,481078,BMP 800x600
143,room12a.bmp,481078,BMP 800x600
144,room12b.bmp,481078,BMP 800x600
145,room12c.bmp,481078,BMP 800x600
146,room12d.bmp,481078,BMP 800x600
147,room13a.bmp,481078,BMP 800x600
148,room13b.bmp,481078,BMP 800x600
149,room13c.bmp,481078,BMP 800x600
150,room14a.bmp,481078,BMP 800x600
151,room14b.bmp,481078,BMP 800x600
152,room15a.bmp,481078,BMP 800x600
153,room15b.bmp,481078,BMP 800x600
154,room16a.bmp,481078,BMP 800x600
155,room16b.bmp,481078,BMP 800x600
156,room17a.bmp,481078,BMP 800x600
157,room18a.bmp,481078,BMP 800x600
158,room19a.bmp,481078,BMP 800x600
159,room1a.bmp,481078,BMP 800x600
160,room1b.bmp,481078,BMP 800x600
161,room2.bmp,481078,BMP 800x600
162,room20a.bmp,601078,BMP 1000x600
163,room20b.bmp,601078,BMP 1000x600
164,room21a.bmp,481078,BMP 800x600
165,room21b.bmp,481078,BMP 800x600
166,room22a.bmp,481078,BMP 800x600
167,room23a.bmp,481078,BMP 800x600
168,room23b.bmp,481078,BMP 800x600
169,room24a.bmp,481078,BMP 800x600
170,room24b.bmp,481078,BMP 800x600
171,room25a.bmp,481078,BMP 800x600
172,room25b.bmp,481078,BMP 800x600
173,room26a.bmp,481078,BMP 800x600
174,room26b.bmp,481078,BMP 800x600
175,room27a.bmp,481078,BMP 800x600
176,room28a.bmp,721078,BMP 1200x600
177,room29a.bmp,481078,BMP 800x600
178,room30a.bmp,481078,BMP 800x600
179,room31a.bmp,481078,BMP 800x600
180,room32a.bmp,481078,BMP 800x600
181,room33a.bmp,481078,BMP 800x600
182,room34a.bmp,481078,BMP 800x600
183,room35a.bmp,481078,BMP 800x600
184,room36a.bmp,481078,BMP 800x600
185,room37a.bmp,481078,BMP 800x600
186,room38a.bmp,481078,BMP 800x600
187,room39a.bmp,481078,BMP 800x600
188,room3a.bmp,481078,BMP 800x600
189,room3b.bmp,481078,BMP 800x600
190,room40a.bmp,1081078,BMP 1800x600
191,room40b.bmp,1081078,BMP 1800x600
192,room40c.bmp,1081078,BMP 1800x600
193,room41a.bmp,481078,BMP 800x600
194,room42a.bmp,481078,BMP 800x600
195,room42b.bmp,481078,BMP 800x600
196,room42c.bmp,481078,BMP 800x600
197,room43a.bmp,481078,BMP 800x600
198,room44a.bmp,481078,BMP 800x600
199,room44b.bmp,481078,BMP 800x600
200,room44c.bmp,481078,BMP 800x600
201,room44d.bmp,481078,BMP 800x600
202,room45a.bmp,481078,BMP 800x600
203,room45b.bmp,481078,BMP 800x600
204,room46a.bmp,481078,BMP 800x600
205,room46b.bmp,481078,BMP 800x600
206,room47a.bmp,481078,BMP 800x600
207,room47b.bmp,481078,BMP 800x600
208,room48a.bmp,481078,BMP 800x600
209,room49a.bmp,481078,BMP 800x600
210,room4a.bmp,481078,BMP 800x600
211,room4b.bmp,481078,BMP 800x600
212,room4press.bmp,481078,BMP 800x600
213,room50a.bmp,481078,BMP 800x600
214,room51a.bmp,481078,BMP 800x600
215,room52a.bmp,481078,BMP 800x600
216,room53a.bmp,481078,BMP 800x600
217,room54a.bmp,481078,BMP 800x600
218,room55a.bmp,481078,BMP 800x600
219,room56a.bmp,481078,BMP 800x600
220,room57a.bmp,481078,BMP 800x600
221,room58a.bmp,481078,BMP 800x600
222,room59a.bmp,481078,BMP 800x600
223,room5a.bmp,481078,BMP 800x600
224,room5b.bmp,481078,BMP 800x600
225,room60a.bmp,481078,BMP 800x600
226,room61a.bmp,721078,BMP 1200x600
227,room62a.bmp,721078,BMP 1200x600
228,room63a.bmp,961078,BMP 1600x600
229,room63b.bmp,961078,BMP 1600x600
230,room6a.bmp,481078,BMP 800x600
231,room7.bmp,481078,BMP 800x600
232,room7b.bmp,481078,BMP 800x600
233,room8a.bmp,481078,BMP 800x600
234,room9a.bmp,481078,BMP 800x600
235,roomblack.bmp,721078,BMP 1200x600
236,roomexcute1.bmp,481078,BMP 800x600
237,roomhoso.bmp,721078,BMP 1200x600
238,roomkuware.bmp,481078,BMP 800x600
239,roomlast.bmp,721078,BMP 1200x600
240,roomlast2.bmp,721078,BMP 1200x600
241,rot.bmp,713782,BMP 925x768
242,sekika1a.bmp,855094,BMP 1110x768
243,sekika1b.bmp,855094,BMP 1110x768
244,sekika2a.bmp,855094,BMP 1110x768
245,sekika2b.bmp,855094,BMP 1110x768
246,sekika3a.bmp,855094,BMP 1110x768
247,sekika3b.bmp,855094,BMP 1110x768
248,sekikac.bmp,855094,BMP 1110x768
249,seta.bmp,1424438,BMP 1110x1280
250,setacore.bmp,1424438,BMP 1110x1280
251,setb.bmp,1424438,BMP 1110x1280
252,setbcore.bmp,1424438,BMP 1110x1280
253,setbiyaku.bmp,570422,BMP 1110x512
254,setc.bmp,1709110,BMP 1110x1536
255,setccore.bmp,1709110,BMP 1110x1536
256,setd.bmp,1709110,BMP 1110x1536
257,sete.bmp,1709110,BMP 1110x1536
258,setmelt.bmp,855094,BMP 1110x768
259,shoumetu.bmp,855094,BMP 1110x768
260,slaim.bmp,769078,BMP 1000x768
261,slice.bmp,569398,BMP 740x768
262,slowthm.bmp,1441078,BMP 1200x1200
263,slowthseta.bmp,481078,BMP 1200x400
264,slowthsetb.bmp,1201078,BMP 1500x800
265,staff.bmp,481078,BMP 800x600
266,start.ax,653251,HSP3 编译脚本
267,sumi.bmp,285750,BMP 1110x256
268,syoku.bmp,106678,BMP 350x300
269,syokua.bmp,2071078,BMP 1380x1500
270,syokub.bmp,1657078,BMP 1380x1200
271,tinbotu.bmp,570422,BMP 1110x512
272,toketu.bmp,285750,BMP 1110x256
273,turisage.bmp,631078,BMP 900x700
274,uekezuri.bmp,476214,BMP 925x512
275,unknown.bmp,190518,BMP 740x256
276,wire.bmp,241078,BMP 400x600
277,wrath.bmp,3601078,BMP 2000x1800
278,wrath2.bmp,3601078,BMP 2000x1800
279,wseta.bmp,1424438,BMP 1110x1280
280,wsetacore.bmp,1424438,BMP 1110x1280
281,wsetb.bmp,1424438,BMP 1110x1280
282,wsetbcore.bmp,1424438,BMP 1110x1280
